{"id":"1381","title":"Ongkir dari Kota Bandung(23) ke Kecamatan Ciamis, Kabupaten Ciamis(103), Jawa Barat(9)","destination":"Ongkir dari Kota Bandung ke Kecamatan Ciamis, Kabupaten Ciamis, Jawa Barat","couriers":[{"code":"jne_oke","name":"JNE OKE","cost":10000,"etd":"3-6 hari"},{"code":"jne_reg","name":"JNE REG","cost":12000,"etd":"2-3 hari"},{"code":"jne_yes","name":"JNE YES","cost":18000,"etd":"1-1 hari"},{"code":"pos_kilat","name":"POS Indonesia Paket Kilat Khusus","cost":12000,"etd":"1 hari"},{"code":"jnt_ez","name":"J&T Express EZ","cost":17000,"etd":""}]}