{"id":"1335","title":"Ongkir dari Kota Bandung(23) ke Kecamatan Tiloan, Kabupaten Buol(98), Sulawesi Tengah(29)","destination":"Ongkir dari Kota Bandung ke Kecamatan Tiloan, Kabupaten Buol, Sulawesi Tengah","couriers":[{"code":"jne_oke","name":"JNE OKE","cost":73000,"etd":"6-8 hari"},{"code":"jne_reg","name":"JNE REG","cost":82000,"etd":"5-7 hari"},{"code":"pos_kilat","name":"POS Indonesia Paket Kilat Khusus","cost":71000,"etd":"2-4 hari"},{"code":"jnt_ez","name":"J&T Express EZ","cost":82000,"etd":""}]}