{"id":"1379","title":"Ongkir dari Kota Bandung(23) ke Kecamatan Banjarsari, Kabupaten Ciamis(103), Jawa Barat(9)","destination":"Ongkir dari Kota Bandung ke Kecamatan Banjarsari, Kabupaten Ciamis, Jawa Barat","couriers":[{"code":"jne_oke","name":"JNE OKE","cost":13000,"etd":"4-7 hari"},{"code":"jne_reg","name":"JNE REG","cost":16000,"etd":"3-6 hari"},{"code":"pos_kilat","name":"POS Indonesia Paket Kilat Khusus","cost":12000,"etd":"1-2 hari"},{"code":"jnt_ez","name":"J&T Express EZ","cost":17000,"etd":""}]}