{"id":"1308","title":"Ongkir dari Kota Bandung(23) ke Kecamatan Bathin II Babeko, Kabupaten Bungo(97), Jambi(8)","destination":"Ongkir dari Kota Bandung ke Kecamatan Bathin II Babeko, Kabupaten Bungo, Jambi","couriers":[{"code":"jne_oke","name":"JNE OKE","cost":37000,"etd":"4-7 hari"},{"code":"jne_reg","name":"JNE REG","cost":41000,"etd":"3-6 hari"},{"code":"pos_kilat","name":"POS Indonesia Paket Kilat Khusus","cost":35000,"etd":"2-4 hari"},{"code":"jnt_ez","name":"J&T Express EZ","cost":63000,"etd":""}]}