{"id":"1283","title":"Ongkir dari Kota Bandung(23) ke Kecamatan Kubutambahan, Kabupaten Buleleng(94), Bali(1)","destination":"Ongkir dari Kota Bandung ke Kecamatan Kubutambahan, Kabupaten Buleleng, Bali","couriers":[{"code":"jne_oke","name":"JNE OKE","cost":32000,"etd":"4-7 hari"},{"code":"jne_reg","name":"JNE REG","cost":36000,"etd":"3-6 hari"},{"code":"pos_kilat","name":"POS Indonesia Paket Kilat Khusus","cost":32000,"etd":"2-4 hari"},{"code":"jnt_ez","name":"J&T Express EZ","cost":41000,"etd":""}]}