{"id":"1364","title":"Ongkir dari Kota Bandung(23) ke Kecamatan Pasar Wajo, Kabupaten Buton(101), Sulawesi Tenggara(30)","destination":"Ongkir dari Kota Bandung ke Kecamatan Pasar Wajo, Kabupaten Buton, Sulawesi Tenggara","couriers":[{"code":"jne_oke","name":"JNE OKE","cost":67000,"etd":"5-7 hari"},{"code":"jne_reg","name":"JNE REG","cost":74000,"etd":"3-5 hari"},{"code":"pos_kilat","name":"POS Indonesia Paket Kilat Khusus","cost":70500,"etd":"2-4 hari"},{"code":"jnt_ez","name":"J&T Express EZ","cost":80000,"etd":""}]}