{"id":"1290","title":"Ongkir dari Kota Bandung(23) ke Kecamatan Bulukumba (Bulukumpa), Kabupaten Bulukumba(95), Sulawesi Selatan(28)","destination":"Ongkir dari Kota Bandung ke Kecamatan Bulukumba (Bulukumpa), Kabupaten Bulukumba, Sulawesi Selatan","couriers":[{"code":"jne_oke","name":"JNE OKE","cost":46000,"etd":"5-7 hari"},{"code":"jne_reg","name":"JNE REG","cost":51000,"etd":"3-5 hari"},{"code":"pos_kilat","name":"POS Indonesia Paket Kilat Khusus","cost":49000,"etd":"2-4 hari"},{"code":"jnt_ez","name":"J&T Express EZ","cost":59000,"etd":""}]}