{"id":"1277","title":"Ongkir dari Kota Bandung(23) ke Kecamatan Guguk Panjang (Guguak Panjang), Kota Bukittinggi(93), Sumatera Barat(32)","destination":"Ongkir dari Kota Bandung ke Kecamatan Guguk Panjang (Guguak Panjang), Kota Bukittinggi, Sumatera Barat","couriers":[{"code":"jne_oke","name":"JNE OKE","cost":38000,"etd":"3-6 hari"},{"code":"jne_reg","name":"JNE REG","cost":42000,"etd":"2-3 hari"},{"code":"pos_kilat","name":"POS Indonesia Paket Kilat Khusus","cost":41000,"etd":"2-4 hari"},{"code":"jnt_ez","name":"J&T Express EZ","cost":46000,"etd":""}]}