{"id":"1208","title":"Ongkir dari Kota Bandung(23) ke Kecamatan Kabila, Kabupaten Bone Bolango(88), Gorontalo(7)","destination":"Ongkir dari Kota Bandung ke Kecamatan Kabila, Kabupaten Bone Bolango, Gorontalo","couriers":[{"code":"jne_oke","name":"JNE OKE","cost":69000,"etd":"6-8 hari"},{"code":"jne_reg","name":"JNE REG","cost":74000,"etd":"5-7 hari"},{"code":"pos_kilat","name":"POS Indonesia Paket Kilat Khusus","cost":68000,"etd":"2-4 hari"},{"code":"jnt_ez","name":"J&T Express EZ","cost":93000,"etd":""}]}