{"id":"1375","title":"Ongkir dari Kota Bandung(23) ke Kecamatan Kulisusu (Kalingsusu/Kalisusu), Kabupaten Buton Utara(102), Sulawesi Tenggara(30)","destination":"Ongkir dari Kota Bandung ke Kecamatan Kulisusu (Kalingsusu/Kalisusu), Kabupaten Buton Utara, Sulawesi Tenggara","couriers":[{"code":"jne_oke","name":"JNE OKE","cost":67000,"etd":"6-8 hari"},{"code":"jne_reg","name":"JNE REG","cost":74000,"etd":"5-7 hari"},{"code":"pos_kilat","name":"POS Indonesia Paket Kilat Khusus","cost":73500,"etd":"2-4 hari"},{"code":"jnt_ez","name":"J&T Express EZ","cost":85000,"etd":""}]}