{"id":"1121","title":"Ongkir dari Kota Bandung(23) ke Kecamatan Bintauna, Kabupaten Bolaang Mongondow Utara(84), Sulawesi Utara(31)","destination":"Ongkir dari Kota Bandung ke Kecamatan Bintauna, Kabupaten Bolaang Mongondow Utara, Sulawesi Utara","couriers":[{"code":"jne_oke","name":"JNE OKE","cost":69000,"etd":"6-8 hari"},{"code":"jne_reg","name":"JNE REG","cost":77000,"etd":"5-7 hari"},{"code":"pos_kilat","name":"POS Indonesia Paket Kilat Khusus","cost":74000,"etd":"2-4 hari"},{"code":"jnt_ez","name":"J&T Express EZ","cost":92000,"etd":""}]}