{"id":"1158","title":"Ongkir dari Kota Bandung(23) ke Kecamatan Pakem, Kabupaten Bondowoso(86), Jawa Timur(11)","destination":"Ongkir dari Kota Bandung ke Kecamatan Pakem, Kabupaten Bondowoso, Jawa Timur","couriers":[{"code":"jne_oke","name":"JNE OKE","cost":22000,"etd":"4-7 hari"},{"code":"jne_reg","name":"JNE REG","cost":25000,"etd":"3-6 hari"},{"code":"pos_kilat","name":"POS Indonesia Paket Kilat Khusus","cost":24000,"etd":"2-3 hari"},{"code":"jnt_ez","name":"J&T Express EZ","cost":43000,"etd":""}]}