{"id":"1232","title":"Ongkir dari Kota Bandung(23) ke Kecamatan Mandobo, Kabupaten Boven Digoel(90), Papua(24)","destination":"Ongkir dari Kota Bandung ke Kecamatan Mandobo, Kabupaten Boven Digoel, Papua","couriers":[{"code":"jne_oke","name":"JNE OKE","cost":105000,"etd":"6-10 hari"},{"code":"jne_reg","name":"JNE REG","cost":114000,"etd":"5-9 hari"},{"code":"pos_kilat","name":"POS Indonesia Paket Kilat Khusus","cost":124000,"etd":"5-7 hari"},{"code":"jnt_ez","name":"J&T Express EZ","cost":158000,"etd":""}]}