{"id":"1307","title":"Ongkir dari Kota Bandung(23) ke Kecamatan Tanjung Selor, Kabupaten Bulungan (Bulongan)(96), Kalimantan Utara(16)","destination":"Ongkir dari Kota Bandung ke Kecamatan Tanjung Selor, Kabupaten Bulungan (Bulongan), Kalimantan Utara","couriers":[{"code":"jne_oke","name":"JNE OKE","cost":54000,"etd":"5-7 hari"},{"code":"jne_reg","name":"JNE REG","cost":57000,"etd":"3-5 hari"},{"code":"pos_kilat","name":"POS Indonesia Paket Kilat Khusus","cost":57000,"etd":"2-4 hari"},{"code":"jnt_ez","name":"J&T Express EZ","cost":84000,"etd":""}]}