{"id":"1214","title":"Ongkir dari Kota Bandung(23) ke Kecamatan Suwawa Timur, Kabupaten Bone Bolango(88), Gorontalo(7)","destination":"Ongkir dari Kota Bandung ke Kecamatan Suwawa Timur, Kabupaten Bone Bolango, Gorontalo","couriers":[{"code":"jne_oke","name":"JNE OKE","cost":77000,"etd":"6-8 hari"},{"code":"jne_reg","name":"JNE REG","cost":82000,"etd":"5-7 hari"},{"code":"pos_kilat","name":"POS Indonesia Paket Kilat Khusus","cost":68000,"etd":"2-4 hari"},{"code":"jnt_ez","name":"J&T Express EZ","cost":93000,"etd":""}]}