{"id":"1189","title":"Ongkir dari Kota Bandung(23) ke Kecamatan Ponre, Kabupaten Bone(87), Sulawesi Selatan(28)","destination":"Ongkir dari Kota Bandung ke Kecamatan Ponre, Kabupaten Bone, Sulawesi Selatan","couriers":[{"code":"jne_oke","name":"JNE OKE","cost":52000,"etd":"6-8 hari"},{"code":"jne_reg","name":"JNE REG","cost":59000,"etd":"5-7 hari"},{"code":"pos_kilat","name":"POS Indonesia Paket Kilat Khusus","cost":49000,"etd":"2-4 hari"},{"code":"jnt_ez","name":"J&T Express EZ","cost":64000,"etd":""}]}