{"id":"1266","title":"Ongkir dari Kota Bandung(23) ke Kecamatan Ketanggungan, Kabupaten Brebes(92), Jawa Tengah(10)","destination":"Ongkir dari Kota Bandung ke Kecamatan Ketanggungan, Kabupaten Brebes, Jawa Tengah","couriers":[{"code":"jne_oke","name":"JNE OKE","cost":21000,"etd":"4-7 hari"},{"code":"jne_reg","name":"JNE REG","cost":24000,"etd":"3-6 hari"},{"code":"pos_kilat","name":"POS Indonesia Paket Kilat Khusus","cost":19000,"etd":"2-3 hari"},{"code":"jnt_ez","name":"J&T Express EZ","cost":25000,"etd":""}]}