{"id":"1424","title":"Ongkir dari Kota Bandung(23) ke Kecamatan Leles, Kabupaten Cianjur(104), Jawa Barat(9)","destination":"Ongkir dari Kota Bandung ke Kecamatan Leles, Kabupaten Cianjur, Jawa Barat","couriers":[{"code":"jne_oke","name":"JNE OKE","cost":10000,"etd":"6-8 hari"},{"code":"jne_reg","name":"JNE REG","cost":12000,"etd":"3-6 hari"},{"code":"pos_kilat","name":"POS Indonesia Paket Kilat Khusus","cost":10000,"etd":"1-2 hari"},{"code":"jnt_ez","name":"J&T Express EZ","cost":15000,"etd":""}]}