{"id":"1301","title":"Ongkir dari Kota Bandung(23) ke Kecamatan Sekatak, Kabupaten Bulungan (Bulongan)(96), Kalimantan Utara(16)","destination":"Ongkir dari Kota Bandung ke Kecamatan Sekatak, Kabupaten Bulungan (Bulongan), Kalimantan Utara","couriers":[{"code":"jne_oke","name":"JNE OKE","cost":65000,"etd":"6-8 hari"},{"code":"jne_reg","name":"JNE REG","cost":73000,"etd":"5-7 hari"},{"code":"pos_kilat","name":"POS Indonesia Paket Kilat Khusus","cost":68500,"etd":"2-4 hari"},{"code":"jnt_ez","name":"J&T Express EZ","cost":84000,"etd":""}]}