{"id":"1217","title":"Ongkir dari Kota Bandung(23) ke Kecamatan Bontang Barat, Kota Bontang(89), Kalimantan Timur(15)","destination":"Ongkir dari Kota Bandung ke Kecamatan Bontang Barat, Kota Bontang, Kalimantan Timur","couriers":[{"code":"jne_oke","name":"JNE OKE","cost":54000,"etd":"3-5 hari"},{"code":"jne_reg","name":"JNE REG","cost":57000,"etd":"1-2 hari"},{"code":"pos_kilat","name":"POS Indonesia Paket Kilat Khusus","cost":56500,"etd":"2-4 hari"},{"code":"jnt_ez","name":"J&T Express EZ","cost":57000,"etd":""}]}