{"id":"1070","title":"Ongkir dari Kota Bandung(23) ke Kecamatan Bojonegoro, Kabupaten Bojonegoro(80), Jawa Timur(11)","destination":"Ongkir dari Kota Bandung ke Kecamatan Bojonegoro, Kabupaten Bojonegoro, Jawa Timur","couriers":[{"code":"jne_oke","name":"JNE OKE","cost":16000,"etd":"3-6 hari"},{"code":"jne_reg","name":"JNE REG","cost":20000,"etd":"2-3 hari"},{"code":"pos_kilat","name":"POS Indonesia Paket Kilat Khusus","cost":19000,"etd":"1-2 hari"},{"code":"jnt_ez","name":"J&T Express EZ","cost":25000,"etd":""}]}