{"id":"1147","title":"Ongkir dari Kota Bandung(23) ke Kecamatan Rumbia Tengah, Kabupaten Bombana(85), Sulawesi Tenggara(30)","destination":"Ongkir dari Kota Bandung ke Kecamatan Rumbia Tengah, Kabupaten Bombana, Sulawesi Tenggara","couriers":[{"code":"jne_oke","name":"JNE OKE","cost":67000,"etd":"5-7 hari"},{"code":"jne_reg","name":"JNE REG","cost":74000,"etd":"3-5 hari"},{"code":"pos_kilat","name":"POS Indonesia Paket Kilat Khusus","cost":71000,"etd":"2-4 hari"},{"code":"jnt_ez","name":"J&T Express EZ","cost":80000,"etd":""}]}