{"id":"1314","title":"Ongkir dari Kota Bandung(23) ke Kecamatan Jujuhan Ilir, Kabupaten Bungo(97), Jambi(8)","destination":"Ongkir dari Kota Bandung ke Kecamatan Jujuhan Ilir, Kabupaten Bungo, Jambi","couriers":[{"code":"jne_oke","name":"JNE OKE","cost":32000,"etd":"3-6 hari"},{"code":"jne_reg","name":"JNE REG","cost":35000,"etd":"2-3 hari"},{"code":"pos_kilat","name":"POS Indonesia Paket Kilat Khusus","cost":35000,"etd":"2-4 hari"},{"code":"jnt_ez","name":"J&T Express EZ","cost":63000,"etd":""}]}