{"id":"1144","title":"Ongkir dari Kota Bandung(23) ke Kecamatan Rarowatu, Kabupaten Bombana(85), Sulawesi Tenggara(30)","destination":"Ongkir dari Kota Bandung ke Kecamatan Rarowatu, Kabupaten Bombana, Sulawesi Tenggara","couriers":[{"code":"jne_oke","name":"JNE OKE","cost":73000,"etd":"6-8 hari"},{"code":"jne_reg","name":"JNE REG","cost":82000,"etd":"5-7 hari"},{"code":"pos_kilat","name":"POS Indonesia Paket Kilat Khusus","cost":71000,"etd":"2-4 hari"},{"code":"jnt_ez","name":"J&T Express EZ","cost":82000,"etd":""}]}