{"id":"138","title":"Ongkir dari Kota Bandung(23) ke Kecamatan Peudawa, Kabupaten Aceh Timur(10), Nanggroe Aceh Darussalam (NAD)(21)","destination":"Ongkir dari Kota Bandung ke Kecamatan Peudawa, Kabupaten Aceh Timur, Nanggroe Aceh Darussalam (NAD)","couriers":[{"code":"jne_oke","name":"JNE OKE","cost":53000,"etd":"4-7 hari"},{"code":"jne_reg","name":"JNE REG","cost":58000,"etd":"3-6 hari"},{"code":"pos_kilat","name":"POS Indonesia Paket Kilat Khusus","cost":53000,"etd":"2-4 hari"},{"code":"jnt_ez","name":"J&T Express EZ","cost":60000,"etd":""}]}