{"id":"1020","title":"Ongkir dari Kota Bandung(23) ke Kecamatan Tilamuta, Kabupaten Boalemo(77), Gorontalo(7)","destination":"Ongkir dari Kota Bandung ke Kecamatan Tilamuta, Kabupaten Boalemo, Gorontalo","couriers":[{"code":"jne_oke","name":"JNE OKE","cost":69000,"etd":"5-7 hari"},{"code":"jne_reg","name":"JNE REG","cost":74000,"etd":"3-5 hari"},{"code":"pos_kilat","name":"POS Indonesia Paket Kilat Khusus","cost":71000,"etd":"2-4 hari"},{"code":"jnt_ez","name":"J&T Express EZ","cost":93000,"etd":""}]}